{"cameraMode":{"drawMode":0,"name":"Shaded","section":"Shading Mode"},"sceneLighting":false,"audioPlay":false,"sceneViewState":{"showFog":true,"showMaterialUpdate":false,"showSkybox":false,"showFlares":true,"showImageEffects":true,"showParticleSystems":true},"in2DMode":false,"pivot":{"x":-0.018946409225463868,"y":0.0,"z":0.16820943355560304},"rotation":{"x":0.13125088810920716,"y":-0.7228131890296936,"z":0.14296376705169679,"w":0.6632717847824097},"size":3.1356911659240724,"orthographic":false}