{"cameraMode":{"drawMode":0,"name":"Shaded","section":"Shading Mode"},"sceneLighting":false,"audioPlay":false,"sceneViewState":{"showFog":true,"showMaterialUpdate":false,"showSkybox":false,"showFlares":true,"showImageEffects":true,"showParticleSystems":true},"in2DMode":false,"pivot":{"x":1.4901161193847657e-8,"y":2.176006317138672,"z":-0.6909999847412109},"rotation":{"x":0.10809113085269928,"y":0.7849021553993225,"z":-0.14310221374034882,"w":0.5931288599967957},"size":0.6540902256965637,"orthographic":true}