{"cameraMode":{"drawMode":0,"name":"Shaded","section":"Shading Mode"},"sceneLighting":false,"audioPlay":false,"sceneViewState":{"showFog":true,"showMaterialUpdate":false,"showSkybox":false,"showFlares":true,"showImageEffects":true,"showParticleSystems":true},"in2DMode":false,"pivot":{"x":-1.5000001192092896,"y":1.0790766477584839,"z":2.9802322387695315e-8},"rotation":{"x":0.22608476877212525,"y":-0.4213290810585022,"z":0.10925609618425369,"w":0.8714829087257385},"size":1.9731779098510743,"orthographic":false}