{"cameraMode":{"drawMode":0,"name":"Shaded","section":"Shading Mode"},"sceneLighting":false,"audioPlay":false,"sceneViewState":{"showFog":true,"showMaterialUpdate":false,"showSkybox":false,"showFlares":true,"showImageEffects":true,"showParticleSystems":true},"in2DMode":false,"pivot":{"x":1.4901161193847657e-8,"y":0.8489264249801636,"z":-0.3343522846698761},"rotation":{"x":0.10809113085269928,"y":0.7849021553993225,"z":-0.14310221374034882,"w":0.5931288599967957},"size":130.00973510742188,"orthographic":true}