{"cameraMode":{"drawMode":0,"name":"Shaded","section":"Shading Mode"},"sceneLighting":false,"audioPlay":false,"sceneViewState":{"showFog":true,"showMaterialUpdate":false,"showSkybox":false,"showFlares":true,"showImageEffects":true,"showParticleSystems":true},"in2DMode":false,"pivot":{"x":2.9802322387695315e-8,"y":1.1683244705200196,"z":0.7937148809432983},"rotation":{"x":-0.15734261274337769,"y":0.6483891010284424,"z":-0.13942722976207734,"w":-0.7317128777503967},"size":0.9811354875564575,"orthographic":true}