{"cameraMode":{"drawMode":0,"name":"Shaded","section":"Shading Mode"},"sceneLighting":false,"audioPlay":false,"sceneViewState":{"showFog":true,"showMaterialUpdate":false,"showSkybox":false,"showFlares":true,"showImageEffects":true,"showParticleSystems":true},"in2DMode":false,"pivot":{"x":2.9802322387695315e-8,"y":1.168324589729309,"z":0.7937148809432983},"rotation":{"x":0.023464208468794824,"y":-0.9388421177864075,"z":0.06515944749116898,"w":0.33736652135849},"size":0.9811354875564575,"orthographic":false}